Name,min,Tchar,Tchar_uncertainty,thetachar,thetachar_uncertainty,DeltaCp,DeltaCp_uncertainty,d,d_uncertainty
Methyl butyrate,0.0003467,53.8197623,0.881254156,26.96293035,1.828902496,91.87551537,466.4506559,0.000247144,7.05E-06
Methyl hexanoate,0.000397866,95.66930189,0.707205691,29.47102518,2.325152457,87.28224499,114.1414369,0.000247144,7.05E-06
Methyl octanoate,0.000300008,131.7271409,0.937829562,31.28522758,2.120650415,89.86187443,68.98574841,0.000247144,7.05E-06
Methyl decanoate,0.000159701,163.1162204,1.034778597,32.5923043,2.084941318,93.88681881,61.29945068,0.000247144,7.05E-06
Methyl undecanoate,0.000388748,177.3990925,1.087980093,33.25770054,2.138975298,100.8276306,61.36177949,0.000247144,7.05E-06
Methyl laurate,0.000276743,190.8433386,1.131278652,33.78411131,2.177035628,104.9609026,61.88999195,0.000247144,7.05E-06
Methyl tridecanoate,0.0003091,203.5337384,1.167029919,34.28585645,2.209240542,110.2566948,62.49285176,0.000247144,7.05E-06
Methyl myristoleate,0.000435289,214.2124001,1.207967706,34.96918631,2.241994459,110.187271,61.5331937,0.000247144,7.05E-06
Methyl myristate,7.21E-05,215.5311901,1.195364563,34.70186464,2.228823801,114.4775975,63.12667895,0.000247144,7.05E-06
Methyl cis-10-pentadecenoate,0.000574069,225.7876535,1.231703506,35.45316735,2.260490598,116.7998921,61.82745787,0.000247144,7.05E-06
Methyl pentadecanoate,0.000157181,226.964312,1.218561331,35.15919105,2.245740123,120.622182,63.46223618,0.000247144,7.05E-06
Methyl palmitoleate,0.000632731,235.8419155,1.258648575,35.75082301,2.274984378,116.6031457,62.43874953,0.000247144,7.05E-06
Methyl palmitate,0.000438198,237.8068566,1.254175066,35.502156,2.285756054,124.5072374,64.86490853,0.000247144,7.05E-06
cis-10-Heptadecenoic acid methyl ester,0.000920257,246.327372,1.298587648,36.13265714,2.328429284,122.2050248,63.97486264,0.000247144,7.05E-06
Methyl heptadecanoate,0.000534343,248.1520672,1.284323805,35.87915799,2.320706871,130.2282756,65.91604704,0.000247144,7.05E-06
Methyl gamma-linolenate,0.00036401,253.8582085,1.351230043,36.87015067,2.394852831,122.3495062,63.09339775,0.000247144,7.05E-06
Methyl linolelaidate,0.011732562,255.1354878,1.322541063,36.40542085,2.329066729,117.7080934,63.90958266,0.000247144,7.05E-06
Methyl linoleate,0.007193589,255.8469603,1.342079344,36.75451546,2.370669578,121.834051,63.4242854,0.000247144,7.05E-06
Methyl linolenate,0.001832566,255.1532333,1.312221898,36.23697098,2.345958489,129.9600986,65.8826094,0.000247144,7.05E-06
trans-9-Elaidic acid methyl ester,0.00045395,255.9073467,1.323785911,36.49024863,2.350150998,125.6531702,64.51614734,0.000247144,7.05E-06
cis-9-Oleic acid methyl ester,8.87E-06,256.1488293,1.314176976,36.27189834,2.33942657,127.6151725,65.58373064,0.000247144,7.05E-06
Methyl stearate,0.00013368,258.0678409,1.313568424,36.23001848,2.353285067,135.1698757,66.91810456,0.000247144,7.05E-06
"cis-5,8,11,14-Eicosatetraenoic acid methyl ester",0.000808833,271.2764582,1.407916036,37.68525181,2.446916016,126.7703566,63.42599619,0.000247144,7.05E-06
"cis-5,8,11,14,17-Eicosapentaenoic acid methyl ester",0.000821376,271.7215858,1.406800513,37.66967898,2.431247865,122.5284147,63.00174862,0.000247144,7.05E-06
"cis-11,14,17-Eicosatrienoic acid methyl ester",0.0009029,272.6361604,1.392006464,37.42464891,2.422643821,129.1374332,64.53944043,0.000247144,7.05E-06
"cis-8,11,14-Eicosatrienoic acid methyl ester",0.003382238,274.1865687,1.382893379,37.31431043,2.421067668,135.9733731,65.68577529,0.000247144,7.05E-06
"cis-11,14-Eicosadienoic acid methyl ester",0.000991043,274.7366995,1.394423908,37.41187711,2.435732161,134.5254829,65.57247738,0.000247144,7.05E-06
Methyl cis-11-eicosenoate,0.000642144,274.4458128,1.328358445,36.85604406,2.308128104,130.4280772,64.96508182,0.000247144,7.05E-06
Methyl arachidate,0.000967569,276.5104985,1.354056053,36.77241127,2.386438701,143.6897848,68.58797795,0.000247144,7.05E-06
Methyl heneicosanoate,0.002658294,285.0784168,1.365885164,36.93195517,2.38588051,146.1390723,69.36880716,0.000247144,7.05E-06
"cis-4,7,10,13,16,19-Docosahexaenoic acid methyl ester",0.000674776,288.1058636,1.470045778,38.49286997,2.524201021,135.8121749,64.49952382,0.000247144,7.05E-06
"cis-13,16-Docosadienoic acid methyl ester",0.000247463,291.5502303,1.438947591,37.93678096,2.502165046,150.4672649,68.1941549,0.000247144,7.05E-06
Methyl erucate,0.003266591,291.7331943,1.406387766,37.47686148,2.426445653,142.8661576,68.45888273,0.000247144,7.05E-06
Methyl-Docosanoat,0.000505545,293.4930182,1.373574371,37.33911644,2.402404627,155.6346128,69.57235609,0.000247144,7.05E-06
Methyl tricosanoate,0.003149135,301.4094725,1.363443064,37.46963725,2.393286056,157.7466277,70.49629051,0.000247144,7.05E-06
Methyl nervonate,0.001474462,307.6659059,1.401546485,37.99499947,2.457096715,155.8539879,70.53161694,0.000247144,7.05E-06
Methyl lignocerate,0.002124734,309.0849991,1.434812189,37.63786922,2.537791982,161.2255437,75.52685085,0.000247144,7.05E-06
1-Pentanol,0.54138957,64.63347918,0.728199898,26.29816666,1.469444417,-65.26580357,313.7881696,0.000247144,7.05E-06
1-Heptanol,0.013360494,104.5007729,0.783402795,30.36392411,2.34221977,136.899771,96.29990068,0.000247144,7.05E-06
1-Nonanol,0.002478956,139.7879042,0.977563813,32.06844809,2.174913339,110.742556,66.10467111,0.000247144,7.05E-06
1-Decanol,0.001937588,155.7187126,1.035038241,32.85453764,2.173489762,111.1216592,62.23026617,0.000247144,7.05E-06
1-Undecanol,0.001261938,170.7060149,1.090271387,33.54510103,2.203558581,112.2026399,61.01701375,0.000247144,7.05E-06
"2-Pentanone, 4-methyl-",3.93E-05,57.50067384,0.913936401,27.6635941,1.212216609,118.1021438,395.4981559,0.000247144,7.05E-06
2-Hexanone,0.0008463,67.85743469,0.68970638,28.26716693,1.795555446,121.2015931,265.0744881,0.000247144,7.05E-06
2-Decanone,0.00025303,143.2230803,1.011740061,32.41937702,2.16889939,91.84122251,63.16859515,0.000247144,7.05E-06
2-Undecanone,0.000351091,158.952748,1.057518171,33.08219675,2.152842143,94.49426466,60.0165524,0.000247144,7.05E-06
2-Dodecanone,0.000149994,173.7313784,1.109663352,33.68963061,2.185807205,97.71987092,59.53683076,0.000247144,7.05E-06
2-Tridecanone,0.000895863,187.624417,1.137227036,34.26241314,2.187467279,102.9983944,58.89204466,0.000247144,7.05E-06
2-Pentadecanone,0.002898133,213.050278,1.218330394,35.09410377,2.261188386,108.8162301,61.08192061,0.000247144,7.05E-06
Propiophenone,0.000290701,139.1919549,1.096577833,33.95961025,2.356760845,79.49584844,59.57456835,0.000247144,7.05E-06
Butyrophenone,0.000374368,153.489303,1.133035732,34.57960055,2.303305078,83.27340371,55.37037734,0.000247144,7.05E-06
Valerophenone,0.000780857,169.1090215,1.178007781,35.0843013,2.288677419,83.50452172,53.89110271,0.000247144,7.05E-06
Hexanophenone,0.000429972,183.7907092,1.231061463,35.71939054,2.338911143,90.99420814,54.19870149,0.000247144,7.05E-06
Heptanophenone,0.000886923,197.5648694,1.266176184,36.15118853,2.352880849,93.90083745,54.65630458,0.000247144,7.05E-06
Octanophenone,0.001806501,210.705574,1.30813407,36.62796795,2.39545741,99.30028947,55.72315788,0.000247144,7.05E-06