Name,A,err_A,B,err_B,C,err_C,Tchar,err_Tchar,thetachar,err_thetachar,DeltaCp,err_DeltaCp,DeltaHchar,err_DeltaHchar,DeltaSchar,err_DeltaSchar,DeltaHref,err_DeltaHref,DeltaSref,err_DeltaSref,Tref,beta0,R²_Kcentric,χ²_Kcentric,χ̄²_Kcentric,n_Kcentric,Cat_1,Cat_2
Methyl butyrate,-73.797,3.5403,7073.5,172.03,9.9474,0.52183,51.304,0.24409,27.371,0.20877,82.707,4.3388,-31978.0,248.61,-52.65,0.7554,-28777.0,303.88,-43.332,0.90703,90.0,250.0,0.99992,0.00077302,7.7302e-5,13,FAME,saturated FAME
Methyl hexanoate,-66.411,3.9468,7732.9,211.57,8.6172,0.5713,94.594,0.15498,29.631,0.15872,71.647,4.7501,-37947.0,205.76,-57.281,0.55444,-38276.0,208.92,-58.181,0.56081,90.0,250.0,0.99988,0.0032815,0.00023439,17,FAME,saturated FAME
Methyl octanoate,-66.163,3.0733,8697.6,178.15,8.3594,0.43886,131.24,0.17132,30.755,0.082942,69.504,3.6489,-44209.0,124.97,-63.417,0.29845,-47076.0,198.23,-70.892,0.49669,90.0,250.0,0.99992,0.004679,0.00027523,20,FAME,saturated FAME
Methyl decanoate,-74.222,2.0511,10053.0,126.54,9.3259,0.28982,162.6,0.079551,31.706,0.039036,77.54,2.4097,-49793.0,63.944,-68.362,0.14223,-55423.0,186.97,-82.494,0.46249,90.0,250.0,0.99999,0.00053657,4.4714e-5,15,FAME,saturated FAME
Methyl undecanoate,-70.915,5.1161,10290.0,324.51,8.7697,0.71957,177.03,0.2038,31.956,0.089948,72.916,5.9829,-52729.0,155.91,-71.221,0.33392,-59074.0,545.02,-86.885,1.3297,90.0,250.0,0.9999,0.0048358,0.00032239,18,FAME,saturated FAME
Methyl laurate,-83.528,2.6004,11471.0,169.08,10.474,0.36426,190.29,0.079128,32.462,0.043898,87.088,3.0287,-55011.0,76.725,-72.793,0.16179,-63745.0,313.78,-94.03,0.75664,90.0,250.0,0.99998,0.00052553,4.3794e-5,15,FAME,saturated FAME
Methyl tridecanoate,-68.323,5.6167,10924.0,373.86,8.2564,0.78377,203.13,0.20418,32.446,0.088492,68.648,6.5166,-58129.0,166.19,-76.14,0.33695,-65896.0,756.79,-94.757,1.8002,90.0,250.0,0.9999,0.0047774,0.00031849,18,FAME,saturated FAME
Methyl myristate,-88.349,4.1935,12594.0,285.04,10.995,0.58319,214.91,0.11645,32.96,0.066378,91.422,4.8489,-60089.0,124.37,-77.211,0.24969,-71509.0,618.9,-104.24,1.4556,90.0,250.0,0.99997,0.0012503,9.618e-5,16,FAME,saturated FAME
Methyl myristoleate,-81.655,5.2502,12057.0,356.26,10.087,0.73035,213.97,0.14765,33.218,0.083027,83.87,6.0724,-59392.0,152.75,-76.017,0.30698,-69789.0,768.81,-100.65,1.8103,90.0,250.0,0.99995,0.0019609,0.00015084,16,FAME,unsaturated FAME
Methyl pentadecanoate,-93.423,4.2336,13311.0,293.58,11.635,0.58689,226.27,0.097788,33.252,0.071933,96.735,4.8796,-62366.0,137.11,-78.969,0.27125,-75547.0,679.33,-109.79,1.5787,90.0,250.0,0.99997,0.00080441,6.7034e-5,15,FAME,saturated FAME
Methyl cis-10-pentadecenoate,-81.499,5.397,12431.0,373.62,9.9952,0.74835,225.42,0.14484,33.377,0.084243,83.105,6.2221,-61920.0,160.37,-78.288,0.31553,-73173.0,858.28,-104.63,1.9976,90.0,250.0,0.99995,0.0018904,0.00014541,16,FAME,unsaturated FAME
Methyl palmitate,-84.406,5.4912,13095.0,387.79,10.307,0.75897,237.07,0.13941,33.221,0.083728,85.696,6.3104,-65155.0,168.03,-81.791,0.32373,-77758.0,943.7,-110.93,2.1705,90.0,250.0,0.99995,0.001795,0.00013808,16,FAME,saturated FAME
Methyl palmitoleate,-92.524,3.8319,13482.0,269.94,11.479,0.52987,235.4,0.074257,33.833,0.069685,95.446,4.4056,-63556.0,132.21,-79.067,0.25805,-77434.0,654.32,-111.21,1.5061,90.0,250.0,0.99998,0.00040572,3.6883e-5,14,FAME,unsaturated FAME
Methyl heptadecanoate,-97.243,4.6155,14318.0,331.74,12.032,0.63618,247.33,0.084265,33.631,0.083252,100.04,5.2895,-66974.0,167.2,-82.769,0.31921,-82713.0,849.1,-118.78,1.9307,90.0,250.0,0.99998,0.00053944,4.904e-5,14,FAME,saturated FAME
Methyl cis-10-heptadecanoate,-90.021,3.3693,13684.0,241.56,11.065,0.46459,245.86,0.063841,33.922,0.060652,92.0,3.8629,-66024.0,119.16,-81.305,0.22799,-80363.0,613.92,-114.16,1.3983,90.0,250.0,0.99999,0.00021654,2.406e-5,12,FAME,unsaturated FAME
Methyl stearate,-95.263,4.6966,14544.0,343.0,11.693,0.64569,257.13,0.082639,33.703,0.081022,97.224,5.3686,-69371.0,168.16,-84.911,0.31515,-85619.0,913.1,-121.72,2.057,90.0,250.0,0.99998,0.00051478,4.6798e-5,14,FAME,saturated FAME
trans-9-Elaidic acid methyl ester,-88.514,5.5417,13888.0,403.39,10.806,0.76224,255.36,0.071924,34.159,0.08647,89.849,6.3376,-67989.0,173.1,-82.735,0.32612,-82846.0,1062.3,-116.45,2.4005,90.0,250.0,0.99998,0.0002667,2.9633e-5,12,FAME,unsaturated FAME
cis-9-Oleic acid methyl ester,-79.608,4.5028,13325.0,327.97,9.557,0.61931,255.57,0.08018,33.793,0.075093,79.461,5.1492,-68779.0,154.25,-84.178,0.28974,-81936.0,866.58,-114.03,1.956,90.0,250.0,0.99998,0.00047357,4.3052e-5,14,FAME,unsaturated FAME
Methyl linolelaidate,-85.649,5.2839,13656.0,384.57,10.418,0.72687,254.91,0.0814,34.193,0.098988,86.616,6.0435,-67806.0,197.41,-82.498,0.37226,-82089.0,1016.2,-114.93,2.2932,90.0,250.0,0.99999,0.00029004,3.6255e-5,11,FAME,unsaturated FAME
Methyl linoleate,-93.195,4.215,14273.0,306.66,11.435,0.57982,254.94,0.076532,33.866,0.068221,95.075,4.8209,-68467.0,139.34,-83.743,0.26185,-84149.0,807.48,-119.34,1.8243,90.0,250.0,0.99999,0.00034454,3.4454e-5,13,FAME,unsaturated FAME
Methyl arachidate,-101.53,3.4868,15670.0,262.37,12.443,0.47714,275.46,0.042965,34.033,0.068114,103.46,3.9671,-73530.0,147.62,-88.122,0.26846,-92718.0,750.5,-130.81,1.6587,90.0,250.0,0.99999,9.7302e-5,1.0811e-5,12,FAME,saturated FAME
Gamma-Methyl linolenate,-90.138,3.6484,13960.0,265.89,11.045,0.50178,255.65,0.056368,34.441,0.071893,91.835,4.172,-67507.0,141.65,-81.753,0.26683,-82720.0,705.6,-116.26,1.5905,90.0,250.0,0.99999,0.00017615,1.9572e-5,12,FAME,unsaturated FAME
Methyl cis-11-eicosenoate,-94.7,6.3817,15023.0,479.31,11.54,0.87363,273.8,0.10372,34.343,0.14737,95.952,7.2637,-72426.0,312.0,-86.509,0.56878,-90062.0,1371.3,-125.81,3.0289,90.0,250.0,0.99998,0.00050386,5.5985e-5,12,FAME,unsaturated FAME
Methyl alpha linolenate,-78.748,5.1194,13083.0,371.62,9.4837,0.70448,253.59,0.094935,34.305,0.083646,78.852,5.8574,-67245.0,165.74,-81.756,0.31213,-80144.0,972.64,-111.08,2.2007,90.0,250.0,0.99998,0.00052636,5.2636e-5,13,FAME,unsaturated FAME
Methyl heneicosanoate,-112.13,3.3149,16766.0,253.13,13.849,0.45264,284.1,0.046561,34.319,0.080115,115.15,3.7635,-75231.0,176.07,-89.096,0.31535,-97581.0,751.52,-138.4,1.6422,90.0,250.0,1.0,8.7568e-5,9.7298e-6,12,FAME,saturated FAME
"cis-11,14-Eicosadienoic acid methyl ester",-94.592,7.4647,14963.0,560.42,11.54,1.0219,273.65,0.1125,34.553,0.16914,95.948,8.4969,-71945.0,353.41,-85.668,0.64463,-89565.0,1600.2,-124.94,3.5369,90.0,250.0,0.99997,0.00077222,7.7222e-5,13,FAME,unsaturated FAME
Methyl behenate,-112.54,3.4798,17136.0,269.19,13.847,0.4742,292.33,0.048096,34.363,0.086735,115.13,3.9427,-77369.0,195.73,-90.913,0.34554,-100660.0,821.49,-141.9,1.78,90.0,250.0,1.0,5.2878e-5,6.6098e-6,11,FAME,saturated FAME
"cis-8,11,14-Eicosatrienoic acid methyl ester",-100.24,3.7313,15253.0,279.69,12.345,0.51101,272.17,0.067964,34.901,0.09714,102.64,4.2487,-70844.0,197.97,-84.005,0.36196,-89543.0,799.1,-125.74,1.765,90.0,250.0,0.99999,0.00032242,2.9311e-5,14,FAME,unsaturated FAME
Methyl erucate,-109.93,3.0439,16790.0,235.13,13.525,0.41495,290.85,0.051408,34.719,0.085749,112.45,3.4501,-76176.0,188.65,-89.157,0.33381,-98762.0,718.29,-138.66,1.5552,90.0,250.0,1.0,7.359e-5,8.1767e-6,12,FAME,unsaturated FAME
"cis-11,14,17-Eicosatrienoic acid methyl ester",-94.018,6.4019,14972.0,480.84,11.447,0.8764,273.81,0.10405,34.342,0.14783,95.175,7.2868,-72429.0,312.99,-86.514,0.57058,-89923.0,1375.7,-125.49,3.0386,90.0,250.0,0.99998,0.00050707,5.6341e-5,12,FAME,unsaturated FAME
"cis-5,8,11,14-Eicosatetraenoic acid methyl ester",-96.449,3.3768,14870.0,252.56,11.849,0.46261,270.91,0.061352,35.14,0.086861,98.52,3.8463,-70037.0,173.84,-82.822,0.31853,-87861.0,717.4,-122.65,1.5873,90.0,250.0,0.99999,0.00026424,2.4021e-5,14,FAME,unsaturated FAME
Methyl tricosanoate,-121.12,2.8544,18092.0,223.83,14.971,0.38823,300.3,0.051786,34.592,0.083659,124.48,3.2279,-79040.0,191.69,-91.925,0.33358,-105220.0,705.53,-148.79,1.5121,90.0,250.0,1.0,3.5443e-5,4.4303e-6,11,FAME,saturated FAME
"cis-13,16-Docosadienoic acid methyl ester",-109.56,3.0729,16707.0,237.34,13.49,0.4189,290.78,0.052138,34.949,0.087614,112.16,3.4829,-75656.0,190.18,-88.252,0.33656,-98176.0,724.83,-137.62,1.5695,90.0,250.0,1.0,7.4999e-5,8.3332e-6,12,FAME,unsaturated FAME
Methyl lignocerate,-130.74,4.1435,19125.0,328.8,16.237,0.56253,308.02,0.079684,34.864,0.12535,135.0,4.6772,-80551.0,290.45,-92.692,0.49868,-109980.0,1060.6,-156.17,2.2554,90.0,250.0,1.0,3.8324e-5,5.4748e-6,10,FAME,saturated FAME
"cis-5,8,11,14,17-Eicosapentaenoic acid methyl ester",-95.886,5.3624,14828.0,401.66,11.776,0.73447,271.75,0.098458,35.299,0.14156,97.91,6.1067,-69937.0,281.6,-82.44,0.51523,-87732.0,1145.3,-122.17,2.5313,90.0,250.0,0.99998,0.00066607,6.0552e-5,14,FAME,unsaturated FAME
Methyl nervonate,-124.45,3.9575,18504.0,313.37,15.412,0.53744,306.76,0.073354,35.154,0.119,128.14,4.4686,-79540.0,269.99,-91.251,0.46461,-107320.0,1005.8,-151.23,2.1427,90.0,250.0,1.0,3.4982e-5,4.9974e-6,10,FAME,unsaturated FAME
"cis-4,7,10,13,16,19-Docosahexaenoic acid methyl ester",-100.08,3.034,15705.0,233.2,12.262,0.4139,287.94,0.048591,35.672,0.085366,101.95,3.4413,-73379.0,176.06,-84.872,0.31318,-93559.0,703.67,-129.23,1.5297,90.0,250.0,1.0,7.3218e-5,8.1353e-6,12,FAME,unsaturated FAME
