Name,CAS,Cnumber,Hnumber,Onumber,Nnumber,Ringnumber,Molmass,Phase,Tchar,thetachar,DeltaCp,phi0,Annotation
Heptane,142-82-5,7,16,0,0,0,100.20194,SLB5ms,44.738,25.519,60.91,0.001,Blumberg2017
Octane,111-65-9,8,18,0,0,0,114.22852,SLB5ms,67.346,26.779,66.363,0.001,Blumberg2017
Nonane,111-84-2,9,20,0,0,0,128.2551,SLB5ms,87.42,27.699,71.797,0.001,Blumberg2017
2-Octanone,111-13-7,8,16,1,0,0,128.21204,SLB5ms,105.29,28.876,81.294,0.001,Blumberg2017
Decane,124-18-5,10,22,0,0,0,142.28168,SLB5ms,106.44,28.588,76.602,0.001,Blumberg2017
2-Octanol,123-96-6,8,18,1,0,0,130.22792,SLB5ms,107.03,28.644,88.469,0.001,Blumberg2017
1-Octanol,111-87-5,8,18,1,0,0,130.22792,SLB5ms,119.5,29.317,92.778,0.001,Blumberg2017
5-Nonanol,623-93-8,9,20,1,0,0,144.2545,SLB5ms,122.92,29.571,90.768,0.001,Blumberg2017
Undecane,1120-21-4,11,24,0,0,0,156.30826,SLB5ms,124.75,29.628,83.819,0.001,Blumberg2017
2-Nonanol,628-99-9,9,20,1,0,0,144.2545,SLB5ms,124.84,29.561,93.722,0.001,Blumberg2017
1-Nonanol,143-8-8,9,20,1,0,0,144.2545,SLB5ms,136.59,30.235,99.004,0.001,Blumberg2017
5-Decanol,5205-34-5,10,22,1,0,0,158.28108,SLB5ms,139.54,30.354,96.469,0.001,Blumberg2017
2-Decanone,693-54-9,10,20,1,0,0,156.2652,SLB5ms,140.21,30.591,91.994,0.001,Blumberg2017
Dodecane,112-40-3,12,26,0,0,0,170.33484,SLB5ms,141.26,30.301,92.491,0.001,Blumberg2017
Tridecane,629-50-5,13,28,0,0,0,184.36142,SLB5ms,156.66,30.962,98.511,0.001,Blumberg2017
Tetradecane,629-59-4,14,30,0,0,0,198.388,SLB5ms,171.12,31.564,103.96,0.001,Blumberg2017
Pentadecane,629-62-9,15,32,0,0,0,212.41458,SLB5ms,184.75,32.117,109.4,0.001,Blumberg2017
Heptane,142-82-5,7,16,0,0,0,100.20194,SPB50,28.239,24.906,50.692,0.001,Blumberg2017
Octane,111-65-9,8,18,0,0,0,114.22852,SPB50,51.055,26.156,58.211,0.001,Blumberg2017
Nonane,111-84-2,9,20,0,0,0,128.2551,SPB50,71.914,27.275,62.689,0.001,Blumberg2017
Decane,124-18-5,10,22,0,0,0,142.28168,SPB50,91.129,28.227,66.861,0.001,Blumberg2017
2-Octanol,123-96-6,8,18,1,0,0,130.22792,SPB50,107.12,29.065,78.13,0.001,Blumberg2017
Undecane,1120-21-4,11,24,0,0,0,156.30826,SPB50,108.95,29.003,74.488,0.001,Blumberg2017
2-Octanone,111-13-7,8,16,1,0,0,128.21204,SPB50,110.7,29.424,76.479,0.001,Blumberg2017
5-Nonanol,623-93-8,9,20,1,0,0,144.2545,SPB50,121.57,29.894,81.309,0.001,Blumberg2017
1-Octanol,111-87-5,8,18,1,0,0,130.22792,SPB50,122.0,30.178,80.169,0.001,Blumberg2017
2-Nonanol,628-99-9,9,20,1,0,0,144.2545,SPB50,124.18,29.919,81.323,0.001,Blumberg2017
Dodecane,112-40-3,12,26,0,0,0,170.33484,SPB50,125.52,29.71,80.744,0.001,Blumberg2017
5-Decanol,5205-34-5,10,22,1,0,0,158.28108,SPB50,137.36,30.558,84.657,0.001,Blumberg2017
1-Nonanol,143-8-8,9,20,1,0,0,144.2545,SPB50,138.27,30.925,85.39,0.001,Blumberg2017
Tridecane,629-50-5,13,28,0,0,0,184.36142,SPB50,140.99,30.37,85.071,0.001,Blumberg2017
2-Decanone,693-54-9,10,20,1,0,0,156.2652,SPB50,143.14,30.959,85.186,0.001,Blumberg2017
Tetradecane,629-59-4,14,30,0,0,0,198.388,SPB50,155.51,30.95,89.343,0.001,Blumberg2017
Pentadecane,629-62-9,15,32,0,0,0,212.41458,SPB50,169.19,31.461,93.281,0.001,Blumberg2017
Heptane,142-82-5,7,16,0,0,0,100.20194,Wax,0.932,23.664,50.469,0.001,Blumberg2017
Octane,111-65-9,8,18,0,0,0,114.22852,Wax,24.632,25.016,61.678,0.001,Blumberg2017
Nonane,111-84-2,9,20,0,0,0,128.2551,Wax,46.169,26.346,67.749,0.001,Blumberg2017
Decane,124-18-5,10,22,0,0,0,142.28168,Wax,66.044,27.526,74.429,0.001,Blumberg2017
Undecane,1120-21-4,11,24,0,0,0,156.30826,Wax,84.475,28.633,76.138,0.001,Blumberg2017
Dodecane,112-40-3,12,26,0,0,0,170.33484,Wax,101.7,29.608,81.796,0.001,Blumberg2017
Tridecane,629-50-5,13,28,0,0,0,184.36142,Wax,117.85,30.51,87.457,0.001,Blumberg2017
2-Octanone,111-13-7,8,16,1,0,0,128.21204,Wax,118.77,32.266,70.902,0.001,Blumberg2017
Tetradecane,629-59-4,14,30,0,0,0,198.388,Wax,133.08,31.34,92.855,0.001,Blumberg2017
2-Octanol,123-96-6,8,18,1,0,0,130.22792,Wax,135.17,30.775,95.604,0.001,Blumberg2017
5-Nonanol,623-93-8,9,20,1,0,0,144.2545,Wax,143.66,31.212,100.05,0.001,Blumberg2017
Pentadecane,629-62-9,15,32,0,0,0,212.41458,Wax,147.47,32.122,98.572,0.001,Blumberg2017
2-Nonanol,628-99-9,9,20,1,0,0,144.2545,Wax,149.46,31.6,102.93,0.001,Blumberg2017
2-Decanone,693-54-9,10,20,1,0,0,156.2652,Wax,150.11,33.907,78.098,0.001,Blumberg2017
1-Octanol,111-87-5,8,18,1,0,0,130.22792,Wax,155.4,32.317,97.29,0.001,Blumberg2017
5-Decanol,5205-34-5,10,22,1,0,0,158.28108,Wax,157.26,31.981,107.11,0.001,Blumberg2017
1-Nonanol,143-8-8,9,20,1,0,0,144.2545,Wax,169.04,33.106,102.05,0.001,Blumberg2017
C7,142-82-5,7,16,0,0,0,100.20194,DB5ms,43.997,26.354,0.71704,0.001,Boswell2012
Propyl acetate,109-60-4,5,10,2,0,0,102.1317,DB5ms,47.513,25.045,42.993,0.001,Boswell2012
Pyridine,110-86-1,5,5,0,1,1,79.0999,DB5ms,55.332,27.47,55.93,0.001,Boswell2012
Toluene ,108-88-3,7,8,0,0,1,92.13842,DB5ms,61.023,28.373,39.223,0.001,Boswell2012
2-Hexanone,591-78-6,6,12,1,0,0,100.15888,DB5ms,64.593,26.797,55.477,0.001,Boswell2012
C8,111-65-9,8,18,0,0,0,114.22852,DB5ms,67.026,27.015,42.351,0.001,Boswell2012
Butyl acetate,123-86-4,6,12,2,0,0,116.15828,DB5ms,69.587,26.442,51.751,0.001,Boswell2012
4-Methylpyridine,108-89-4,6,7,0,1,1,93.12648,DB5ms,81.795,29.695,42.923,0.001,Boswell2012
Ethylbenzene,100-41-4,8,10,0,0,1,106.165,DB5ms,81.927,29.592,36.157,0.001,Boswell2012
2-Heptanone,110-43-0,7,14,1,0,0,114.18546,DB5ms,85.891,28.008,54.313,0.001,Boswell2012
C9,111-84-2,9,20,0,0,0,128.2551,DB5ms,87.97,28.004,51.332,0.001,Boswell2012
Pentyl acetate ,628-63-7,7,14,2,0,0,130.18486,DB5ms,89.881,27.48,62.651,0.001,Boswell2012
"N,N-dimethylisobutyramide ",21678-37-5,6,13,1,1,0,115.17352,DB5ms,102.19,29.099,64.347,0.001,Boswell2012
Phenol,108-95-2,6,6,1,0,1,94.11124,DB5ms,102.21,28.654,83.07,0.001,Boswell2012
Aniline,62-53-3,6,7,0,1,1,93.12648,DB5ms,104.98,30.71,55.717,0.001,Boswell2012
2-Octanone,111-13-7,8,16,1,0,0,128.21204,DB5ms,105.43,28.957,63.466,0.001,Boswell2012
"N,N-diethylacetamide ",685-91-6,6,13,1,1,0,115.17352,DB5ms,107.09,29.71,70.673,0.001,Boswell2012
C10,124-18-5,10,22,0,0,0,142.28168,DB5ms,107.2,28.836,58.24,0.001,Boswell2012
Hexyl acetate,142-92-7,8,16,2,0,0,144.21144,DB5ms,108.61,28.388,66.544,0.001,Boswell2012
1-Octanol,111-87-5,8,18,1,0,0,130.22792,DB5ms,119.66,29.388,72.708,0.001,Boswell2012
n-Butylbenzene ,104-51-8,10,14,0,0,1,134.21816,DB5ms,119.8,31.162,59.474,0.001,Boswell2012
Acetophenone ,98-86-2,8,8,1,0,1,120.14852,DB5ms,122.11,31.731,62.677,0.001,Boswell2012
2-Nonanone,821-55-6,9,18,1,0,0,142.23862,DB5ms,123.58,29.772,70.058,0.001,Boswell2012
C11,1120-21-4,11,24,0,0,0,156.30826,DB5ms,124.9,29.549,66.526,0.001,Boswell2012
Linalool,78-70-6,10,18,1,0,0,154.24932,DB5ms,125.54,30.17,72.207,0.001,Boswell2012
Tert-butylpyridine,585-48-8,13,21,0,1,1,191.31254,DB5ms,126.93,32.122,64.322,0.001,Boswell2012
Octanoic acid,124-7-2,8,16,2,0,0,144.21144,DB5ms,133.66,28.759,105.31,0.001,Boswell2012
Propiophenone ,93-55-0,9,10,1,0,1,134.1751,DB5ms,138.96,32.312,68.595,0.001,Boswell2012
4-Ethylaniline,589-16-2,8,11,0,1,1,121.17964,DB5ms,139.39,32.458,69.125,0.001,Boswell2012
2-Decanone,693-54-9,10,20,1,0,0,156.2652,DB5ms,140.45,30.5,75.991,0.001,Boswell2012
C12,112-40-3,12,26,0,0,0,170.33484,DB5ms,141.47,30.259,71.241,0.001,Boswell2012
Octyl acetate,112-14-1,10,20,2,0,0,172.2646,DB5ms,142.41,29.998,79.426,0.001,Boswell2012
Naphthalene,91-20-3,10,8,0,0,2,128.17052,DB5ms,145.55,34.572,59.24,0.001,Boswell2012
Resorcinol,108-46-3,6,6,2,0,1,110.11064,DB5ms,152.7,30.999,110.36,0.001,Boswell2012
Butyrophenone ,495-40-9,10,12,1,0,1,148.20168,DB5ms,153.16,32.9,66.298,0.001,Boswell2012
2-Undecanone,112-12-9,11,22,1,0,0,170.29178,DB5ms,156.26,31.24,81.755,0.001,Boswell2012
C13,629-50-5,13,28,0,0,0,184.36142,DB5ms,156.9,30.894,80.347,0.001,Boswell2012
Indole,120-72-9,8,7,0,1,2,117.14788,DB5ms,160.32,34.144,74.445,0.001,Boswell2012
Decanoic acid ,334-48-5,10,20,2,0,0,172.2646,DB5ms,164.33,30.685,102.49,0.001,Boswell2012
Benzamide,55-21-0,7,7,1,1,1,121.13658,DB5ms,164.51,33.99,82.916,0.001,Boswell2012
Valerophenone ,1009-14-9,11,14,1,0,1,162.22826,DB5ms,168.74,33.507,72.384,0.001,Boswell2012
Nicotine,22083-74-5,10,14,0,2,2,162.23156,DB5ms,168.95,34.765,71.153,0.001,Boswell2012
4-Butylaniline,104-13-2,10,15,0,1,1,149.2328,DB5ms,170.45,33.871,74.222,0.001,Boswell2012
2-Dodecanone,6175-49-1,12,24,1,0,0,184.31836,DB5ms,171.28,31.857,76.888,0.001,Boswell2012
C14,629-59-4,14,30,0,0,0,198.388,DB5ms,171.64,31.484,76.299,0.001,Boswell2012
Decyl acetate,112-17-4,12,24,2,0,0,200.31776,DB5ms,172.29,31.288,83.719,0.001,Boswell2012
Hexanophenone,942-92-7,12,16,1,0,1,176.25484,DB5ms,183.49,34.016,74.216,0.001,Boswell2012
Coumarin,91-64-5,9,6,2,0,2,146.14274,DB5ms,183.72,36.251,65.422,0.001,Boswell2012
2-Tridecanone,593-8-8,13,26,1,0,0,198.34494,DB5ms,185.04,32.362,88.653,0.001,Boswell2012
C15,629-62-9,15,32,0,0,0,212.41458,DB5ms,185.17,32.005,84.611,0.001,Boswell2012
1-Naphthol,90-15-3,10,8,1,0,2,144.16992,DB5ms,191.6,36.024,91.421,0.001,Boswell2012
Nikethamide,59-26-7,10,14,1,2,1,178.23096,DB5ms,194.27,35.177,84.675,0.001,Boswell2012
Heptanophenone ,1671-75-6,13,18,1,0,1,190.28142,DB5ms,197.12,34.524,82.695,0.001,Boswell2012
C16,544-76-3,16,34,0,0,0,226.44116,DB5ms,198.13,32.383,85.559,0.001,Boswell2012
4-Hexylaniline,33228-45-4,12,19,0,1,1,177.28596,DB5ms,198.6,34.89,84.816,0.001,Boswell2012
Benzocaine,94-9-7,9,11,2,1,1,165.18914,DB5ms,198.82,35.055,88.436,0.001,Boswell2012
4-Nitroaniline,100-1-6,6,6,2,2,1,138.12404,DB5ms,204.12,36.824,82.672,0.001,Boswell2012
Diphenylamine,122-39-4,12,11,0,1,2,169.22244,DB5ms,206.26,36.275,86.257,0.001,Boswell2012
Octanophenone ,1674-37-9,14,20,1,0,1,204.308,DB5ms,210.1,34.93,91.909,0.001,Boswell2012
C17,629-78-7,17,36,0,0,0,240.46774,DB5ms,210.13,32.723,92.907,0.001,Boswell2012
2-Pentadecanone,2345-28-0,15,30,1,0,0,226.3981,DB5ms,210.52,33.201,93.15,0.001,Boswell2012
Tri-n-hexylamine ,102-86-3,18,39,0,1,0,269.50896,DB5ms,213.84,33.198,101.38,0.001,Boswell2012
"(1S,2R)-1-phenyl-2-(1- pyrrolidinyl)-1-propanol",71-23-8,3,8,1,0,0,60.09502,DB5ms,214.28,36.703,85.542,0.001,Boswell2012
C18,593-45-3,18,38,0,0,0,254.49432,DB5ms,221.6,33.074,101.27,0.001,Boswell2012
4-Octylaniline,16245-79-7,14,23,0,1,1,205.33912,DB5ms,223.94,35.74,97.637,0.001,Boswell2012
Anthracene,120-12-7,14,10,0,0,3,178.2292,DB5ms,231.94,40.07,76.365,0.001,Boswell2012
Caffeine,58-8-2,8,10,2,4,2,194.1906,DB5ms,232.6,37.765,94.912,0.001,Boswell2012
C19,629-92-5,19,40,0,0,0,268.5209,DB5ms,232.62,33.488,105.68,0.001,Boswell2012
Indole-3-acetic acid ethyl ester,778-82-5,12,13,2,1,2,203.23712,DB5ms,235.2,36.693,100.54,0.001,Boswell2012
Lidocaine,137-58-6,14,22,1,2,1,234.33728,DB5ms,236.13,36.909,92.941,0.001,Boswell2012
C20,112-95-8,20,42,0,0,0,282.54748,DB5ms,243.08,33.815,112.77,0.001,Boswell2012
4-Decylaniline,37529-30-9,16,27,0,1,1,233.39228,DB5ms,246.83,36.465,106.73,0.001,Boswell2012
Triphenylmethane,519-73-3,19,16,0,0,3,244.33034,DB5ms,250.04,38.249,94.178,0.001,Boswell2012
C21,629-94-7,21,44,0,0,0,296.57406,DB5ms,253.07,34.136,118.95,0.001,Boswell2012
C22,629-97-0,22,46,0,0,0,310.60064,DB5ms,262.63,34.426,125.23,0.001,Boswell2012
4-Dodecylaniline,104-42-7,18,31,0,1,1,261.44544,DB5ms,267.6,37.02,116.51,0.001,Boswell2012
Dextromethorphan,125-71-3,18,25,1,1,4,271.3972,DB5ms,268.23,40.017,99.94,0.001,Boswell2012
Tri-n-octylamine ,1116-76-3,24,51,0,1,0,353.66844,DB5ms,271.08,34.833,129.45,0.001,Boswell2012
C23,638-67-5,23,48,0,0,0,324.62722,DB5ms,271.8,34.71,131.64,0.001,Boswell2012
C24,646-31-1,24,50,0,0,0,338.6538,DB5ms,280.59,34.975,137.54,0.001,Boswell2012
C25,629-99-2,25,52,0,0,0,352.68038,DB5ms,289.05,35.214,142.53,0.001,Boswell2012
C26,630-1-3,26,54,0,0,0,366.70696,DB5ms,297.19,35.446,147.26,0.001,Boswell2012
C28,630-2-4,28,58,0,0,0,394.76012,DB5ms,312.58,35.826,154.82,0.001,Boswell2012
Tri-n-decylamine,1070-1-5,30,63,0,1,0,437.82792,DB5ms,316.75,35.777,151.16,0.001,Boswell2012
C30,638-68-6,30,62,0,0,0,422.81328,DB5ms,326.91,36.139,161.78,0.001,Boswell2012
C32,544-85-4,32,66,0,0,0,450.86644,DB5ms,340.33,36.462,171.34,0.001,Boswell2012
C34,14167-59-0,34,70,0,0,0,478.9196,DB5ms,352.42,36.343,171.71,0.001,Boswell2012
C36,630-6-8,36,74,0,0,0,506.97276,DB5ms,364.2,36.576,181.85,0.001,Boswell2012
Methyl butyrate,623-42-7,5,10,2,0,0,102.1317,Rxi17SilMS,49.699,25.139,82.71,0.001,Brehmer2022
4-Methyl-2-pentanone,108-10-1,6,12,1,0,0,100.15888,Rxi17SilMS,56.791,28.996,90.281,0.001,Brehmer2022
Pentanol,71-41-0,5,12,1,0,0,88.14818,Rxi17SilMS,58.934,26.919,189.66,0.001,Brehmer2022
Toluene,108-88-3,7,8,0,0,1,92.13842,Rxi17SilMS,60.799,28.234,70.101,0.001,Brehmer2022
2-Hexanone,591-78-6,6,12,1,0,0,100.15888,Rxi17SilMS,69.311,27.747,183.88,0.001,Brehmer2022
Hexan-1-ol,111-27-3,6,14,1,0,0,102.17476,Rxi17SilMS,77.98,26.825,116.18,0.001,Brehmer2022
Ethylbenzene,100-41-4,8,10,0,0,1,106.165,Rxi17SilMS,81.076,29.203,92.253,0.001,Brehmer2022
m-Xylene,108-38-3,8,10,0,0,1,106.165,Rxi17SilMS,82.057,29.116,76.562,0.001,Brehmer2022
p-Xylene,106-42-3,8,10,0,0,1,106.165,Rxi17SilMS,82.057,29.116,76.562,0.001,Brehmer2022
Chlorobenzene,108-90-7,6,5,0,0,1,112.5569,Rxi17SilMS,82.793,29.922,84.973,0.001,Brehmer2022
2-Heptanone,110-43-0,7,14,1,0,0,114.18546,Rxi17SilMS,85.535,27.024,113.81,0.001,Brehmer2022
n-Heptanal,111-71-7,7,14,1,0,0,114.18546,Rxi17SilMS,87.462,27.489,112.17,0.001,Brehmer2022
o-Xylene,95-47-6,8,10,0,0,1,106.165,Rxi17SilMS,89.046,29.889,70.688,0.001,Brehmer2022
Methyl hexanoate,106-70-7,7,14,2,0,0,130.18486,Rxi17SilMS,89.321,27.033,96.702,0.001,Brehmer2022
Cyclohexanol,108-93-0,6,12,1,0,1,100.15888,Rxi17SilMS,90.044,29.425,88.676,0.001,Brehmer2022
Styrene,100-42-5,8,8,0,0,1,104.14912,Rxi17SilMS,91.666,29.76,94.467,0.001,Brehmer2022
Heptanol,111-70-6,7,16,1,0,0,116.20134,Rxi17SilMS,98.42,30.458,197.86,0.001,Brehmer2022
Octan-2-ol,123-96-6,8,18,1,0,0,130.22792,Rxi17SilMS,99.505,27.994,108.59,0.001,Brehmer2022
Cyclohexanone,108-94-1,6,10,1,0,1,98.143,Rxi17SilMS,101.2,30.848,84.809,0.001,Brehmer2022
2-Octanone,111-13-7,8,16,1,0,0,128.21204,Rxi17SilMS,103.35,28.229,110.03,0.001,Brehmer2022
Bromobenzene,108-86-1,6,5,0,0,1,157.0079,Rxi17SilMS,104.09,31.987,80.197,0.001,Brehmer2022
n-Octanal,124-13-0,8,16,1,0,0,128.21204,Rxi17SilMS,105.34,28.314,115.11,0.001,Brehmer2022
Phenol,108-95-2,6,6,1,0,1,94.11124,Rxi17SilMS,113.06,30.654,93.668,0.001,Brehmer2022
Octan-1-ol,111-87-5,8,18,1,0,0,130.22792,Rxi17SilMS,114.37,28.935,108.34,0.001,Brehmer2022
"1,3-Dichlorobenzene",541-73-1,6,4,0,0,1,147.00196,Rxi17SilMS,115.8,32.562,78.486,0.001,Brehmer2022
2-Chlorophenol,95-57-8,6,5,1,0,1,128.5563,Rxi17SilMS,115.88,32.649,84.209,0.001,Brehmer2022
n-Butylbenzene,104-51-8,10,14,0,0,1,134.21816,Rxi17SilMS,116.35,30.927,91.572,0.001,Brehmer2022
2-Nonanone,821-55-6,9,18,1,0,0,142.23862,Rxi17SilMS,120.2,29.002,105.6,0.001,Brehmer2022
Aniline,62-53-3,6,7,0,1,1,93.12648,Rxi17SilMS,121.66,32.029,89.058,0.001,Brehmer2022
n-Nonanal,124-19-6,9,18,1,0,0,142.23862,Rxi17SilMS,122.12,29.187,103.98,0.001,Brehmer2022
Methyl octanoate,111-11-5,9,18,2,0,0,158.23802,Rxi17SilMS,122.96,28.639,107.6,0.001,Brehmer2022
"1,2-Dichlorobenzene",95-50-1,6,4,0,0,1,147.00196,Rxi17SilMS,124.28,33.276,73.739,0.001,Brehmer2022
4-Fluoroaniline,371-40-4,6,6,0,1,1,111.116943,Rxi17SilMS,124.39,31.726,99.509,0.001,Brehmer2022
2-Methylphenol,95-48-7,7,8,1,0,1,108.13782,Rxi17SilMS,126.96,31.703,99.547,0.001,Brehmer2022
Phenyl acetate,122-79-2,8,8,2,0,1,136.14792,Rxi17SilMS,130.06,30.902,95.94,0.001,Brehmer2022
3-Methylphenol,108-39-4,7,8,1,0,1,108.13782,Rxi17SilMS,130.37,31.593,96.071,0.001,Brehmer2022
4-Methylphenol,106-44-5,7,8,1,0,1,108.13782,Rxi17SilMS,130.58,31.808,101.45,0.001,Brehmer2022
1-Phenyl ethanol,98-85-1,8,10,1,0,1,122.1644,Rxi17SilMS,130.84,31.907,94.451,0.001,Brehmer2022
Nonanol,143-8-8,9,20,1,0,0,144.2545,Rxi17SilMS,133.6,32.935,165.13,0.001,Brehmer2022
Acetophenone,98-86-2,8,8,1,0,1,120.14852,Rxi17SilMS,135.77,32.483,89.831,0.001,Brehmer2022
Methyl benzoate,93-58-3,8,8,2,0,1,136.14792,Rxi17SilMS,136.74,32.209,89.138,0.001,Brehmer2022
"2,6-Dimethylphenol",576-26-1,8,10,1,0,1,122.1644,Rxi17SilMS,138.07,32.804,91.757,0.001,Brehmer2022
2-Decanone,693-54-9,10,20,1,0,0,156.2652,Rxi17SilMS,139.58,33.934,177.88,0.001,Brehmer2022
Nitrobenzene,98-95-3,6,5,2,1,1,123.1094,Rxi17SilMS,142.41,33.845,78.903,0.001,Brehmer2022
1-Phenyl-2-propanol,698-87-3,9,12,1,0,1,136.19098,Rxi17SilMS,142.5,32.777,94.087,0.001,Brehmer2022
"3,5-Dimethylphenol",108-68-9,8,10,1,0,1,122.1644,Rxi17SilMS,146.21,32.446,100.42,0.001,Brehmer2022
2-Nitrophenol,88-75-5,6,5,3,1,1,139.1088,Rxi17SilMS,147.83,34.336,84.424,0.001,Brehmer2022
Decanol,112-30-1,10,22,1,0,0,158.28108,Rxi17SilMS,149.1,33.298,159.25,0.001,Brehmer2022
2-Chloroaniline,95-51-2,6,6,0,1,1,127.57154,Rxi17SilMS,149.33,34.452,85.919,0.001,Brehmer2022
Methyl decanoate,110-42-9,11,22,2,0,0,186.29118,Rxi17SilMS,152.75,29.945,116.14,0.001,Brehmer2022
2-Undecanone,112-12-9,11,22,1,0,0,170.29178,Rxi17SilMS,154.13,34.483,204.75,0.001,Brehmer2022
Propiophenone,93-55-0,9,10,1,0,1,134.1751,Rxi17SilMS,154.16,36.408,132.02,0.001,Brehmer2022
Undecanol,112-42-5,11,24,1,0,0,172.30766,Rxi17SilMS,163.77,34.15,172.93,0.001,Brehmer2022
Butyrophenone,495-40-9,10,12,1,0,1,148.20168,Rxi17SilMS,166.13,36.616,130.14,0.001,Brehmer2022
Methyl undecanoate,1731-86-8,12,24,2,0,0,200.31776,Rxi17SilMS,166.41,30.466,120.23,0.001,Brehmer2022
2-Dodecanone,6175-49-1,12,24,1,0,0,184.31836,Rxi17SilMS,168.17,34.454,182.67,0.001,Brehmer2022
Dodecanol,112-53-8,12,26,1,0,0,186.33424,Rxi17SilMS,177.53,34.954,178.63,0.001,Brehmer2022
Methyl laurate,111-82-0,13,26,2,0,0,214.34434,Rxi17SilMS,179.4,30.899,118.02,0.001,Brehmer2022
Valerophenone,1009-14-9,11,14,1,0,1,162.22826,Rxi17SilMS,180.35,37.085,139.82,0.001,Brehmer2022
2-Tridecanone,593-8-8,13,26,1,0,0,198.34494,Rxi17SilMS,181.47,34.737,178.69,0.001,Brehmer2022
Methyl tridecanoate,1731-88-0,14,28,2,0,0,228.37092,Rxi17SilMS,191.67,31.201,116.79,0.001,Brehmer2022
Hexanophenone,942-92-7,12,16,1,0,1,176.25484,Rxi17SilMS,193.72,37.169,136.76,0.001,Brehmer2022
Methyl myristate,124-10-7,15,30,2,0,0,242.3975,Rxi17SilMS,203.33,31.477,116.26,0.001,Brehmer2022
Methyl myristoleate,92857-33-5,15,28,2,0,0,240.38162,Rxi17SilMS,205.38,31.75,104.8,0.001,Brehmer2022
2-Pentadecanone,2345-28-0,15,30,1,0,0,226.3981,Rxi17SilMS,205.93,35.2,177.09,0.001,Brehmer2022
Heptanophenone,1671-75-6,13,18,1,0,1,190.28142,Rxi17SilMS,206.14,37.092,133.77,0.001,Brehmer2022
Methyl pentadecanoate,7132-64-1,16,32,2,0,0,256.42408,Rxi17SilMS,214.28,31.498,109.4,0.001,Brehmer2022
Methyl cis-10-pentadecenoate,90176-52-6,16,30,2,0,0,254.41,Rxi17SilMS,216.4,31.955,105.78,0.001,Brehmer2022
Octanophenone,1674-37-9,14,20,1,0,1,204.308,Rxi17SilMS,217.92,36.987,133.13,0.001,Brehmer2022
Methyl palmitate,112-39-0,17,34,2,0,0,270.45066,Rxi17SilMS,224.78,31.705,111.82,0.001,Brehmer2022
Methyl palmitoleate,10030-74-7,17,32,2,0,0,268.43478,Rxi17SilMS,225.98,32.136,106.3,0.001,Brehmer2022
Methyl heptadecanoate,1731-92-6,18,36,2,0,0,284.47724,Rxi17SilMS,234.82,31.932,116.42,0.001,Brehmer2022
cis-10-Heptadecenoic acid methyl ester,75190-82-8,18,34,2,0,0,282.5,Rxi17SilMS,236.03,32.316,107.78,0.001,Brehmer2022
Methyl stearate,112-61-8,19,38,2,0,0,298.50382,Rxi17SilMS,244.82,32.384,119.61,0.001,Brehmer2022
cis-9-Oleic acid methyl ester,112-62-9,19,36,2,0,0,296.48794,Rxi17SilMS,245.31,32.324,115.33,0.001,Brehmer2022
trans-9-Elaidic acid methyl ester,1937-62-8,19,36,2,0,0,296.48794,Rxi17SilMS,245.35,32.806,121.27,0.001,Brehmer2022
Methyl linolelaidate,2566-97-4,19,34,2,0,0,294.47206,Rxi17SilMS,247.19,32.817,108.96,0.001,Brehmer2022
Methyl linoleate,112-63-0,19,34,2,0,0,294.47206,Rxi17SilMS,247.54,31.979,102.34,0.001,Brehmer2022
Methyl gamma linolenate,132029-16-4,19,32,2,0,0,292.45618,Rxi17SilMS,247.93,33.017,100.91,0.001,Brehmer2022
Methyl alpha linolenate,301-0-8,19,32,2,0,0,292.45618,Rxi17SilMS,250.18,33.027,106.15,0.001,Brehmer2022
PCB 28,7012-37-5,12,7,0,0,2,257.54298,Rxi17SilMS,257.18,44.513,173.01,0.001,Brehmer2022
Methyl arachidate,1120-28-1,21,42,2,0,0,326.55698,Rxi17SilMS,262.19,32.166,116.13,0.001,Brehmer2022
Methyl cis-11-eicosenoate,2390-9-2,21,40,2,0,0,324.5411,Rxi17SilMS,263.07,32.798,118.95,0.001,Brehmer2022
PCB 52,35693-99-3,12,6,0,0,2,291.98804,Rxi17SilMS,263.82,45.906,218.95,0.001,Brehmer2022
"cis-11,14-Eicosadienoic acid methyl ester",61012-46-2,21,38,2,0,0,322.5,Rxi17SilMS,265.13,32.894,104.53,0.001,Brehmer2022
"cis-8,11,14-Eicosatrienoic acid methyl ester",21061-10-9,21,36,2,0,0,320.5,Rxi17SilMS,265.89,33.318,103.97,0.001,Brehmer2022
"cis-5,8,11,14-Eicosatetraenoic acid methyl ester",7771-44-0,20,32,2,0,0,304.46688,Rxi17SilMS,266.29,33.502,94.808,0.001,Brehmer2022
"cis-11,14,17-Eicosatrienoic acid methyl ester",55682-88-7,21,36,2,0,0,320.50934,Rxi17SilMS,268.05,33.184,105.86,0.001,Brehmer2022
"cis-5,8,11,14,17-Eicosapentaenoic acid methyl ester",2734-47-6,21,32,2,0,0,316.5,Rxi17SilMS,268.28,31.967,13.169,0.001,Brehmer2022
Methyl heneicosanoate,6064-90-0,22,44,2,0,0,340.58356,Rxi17SilMS,270.58,32.218,116.07,0.001,Brehmer2022
Methyl behenate,929-77-1,23,46,2,0,0,354.61014,Rxi17SilMS,278.61,32.186,113.23,0.001,Brehmer2022
Methyl erucate,1120-34-9,23,44,2,0,0,352.59426,Rxi17SilMS,279.54,33.134,163.62,0.001,Brehmer2022
PCB 101,37680-73-2,12,5,0,0,2,326.4331,Rxi17SilMS,280.52,44.407,176.52,0.001,Brehmer2022
"cis-13,16-Docosadienoic acid methyl ester",PubChem CID 5792831,23,42,2,0,0,350.6,Rxi17SilMS,281.68,33.017,109.71,0.001,Brehmer2022
Methyl tricosanoate,2433-97-8,24,48,2,0,0,368.63672,Rxi17SilMS,286.49,32.44,122.25,0.001,Brehmer2022
"cis-4,7,10,13,16,19-Docosahexaenoic acid methyl ester",301-01-9,23,34,2,0,0,342.5,Rxi17SilMS,286.57,34.259,101.79,0.001,Brehmer2022
Methyl lignocerate,2442-49-1,25,50,2,0,0,382.6633,Rxi17SilMS,294.06,32.608,127.31,0.001,Brehmer2022
Methyl nervonate,2733-88-2,25,48,2,0,0,380.64742,Rxi17SilMS,295.09,32.844,105.06,0.001,Brehmer2022
PCB 153,35065-27-1,12,4,0,0,2,360.87816,Rxi17SilMS,296.18,43.097,145.08,0.001,Brehmer2022
PCB 138,35065-28-2,12,4,0,0,2,360.87816,Rxi17SilMS,307.74,47.075,186.24,0.001,Brehmer2022
PCB 180,35065-29-3,12,3,0,0,2,395.3,Rxi17SilMS,319.28,48.437,207.35,0.001,Brehmer2022
Naphthalene,91-20-3,10,8,0,0,2,128.17052,Rxi17SilMS,157.87,35.057,38.625,0.001,Duong2022
Acenaphthylene,208-96-8,12,8,0,0,3,152.19192,Rxi17SilMS,205.21,37.553,10.239,0.001,Duong2022
Acenaphthene,83-32-9,12,10,0,0,3,154.2078,Rxi17SilMS,208.2,37.357,14.94,0.001,Duong2022
Fluorene,86-73-7,13,10,0,0,3,166.2185,Rxi17SilMS,221.12,37.678,23.95,0.001,Duong2022
Phenanthrene,85-1-8,14,10,0,0,3,178.2292,Rxi17SilMS,251.49,40.017,37.131,0.001,Duong2022
Anthracene,120-12-7,14,10,0,0,3,178.2292,Rxi17SilMS,252.1,39.71,32.287,0.001,Duong2022
Fluoranthene,206-44-0,16,10,0,0,4,202.2506,Rxi17SilMS,286.09,42.41,52.128,0.001,Duong2022
Pyrene,129-0-0,16,10,0,0,4,202.2506,Rxi17SilMS,295.18,43.347,44.407,0.001,Duong2022
Benz[a]anthracene,56-55-3,18,12,0,0,4,228.28788,Rxi17SilMS,326.6,43.868,52.762,0.001,Duong2022
Chrysene,218-1-9,18,12,0,0,4,228.28788,Rxi17SilMS,329.16,44.144,53.047,0.001,Duong2022
Benzo[b]fluoranthene,205-99-2,20,12,0,0,5,252.30928,Rxi17SilMS,356.75,46.266,72.882,0.001,Duong2022
Benzo[k]fluoranthene,207-8-9,20,12,0,0,5,252.30928,Rxi17SilMS,356.98,45.947,69.956,0.001,Duong2022
Benzo[a]pyrene,50-32-8,20,12,0,0,5,252.30928,Rxi17SilMS,368.4,47.65,74.036,0.001,Duong2022
"Dibenzo[a,h]anthracene",53-70-3,22,14,0,0,5,278.34656,Rxi17SilMS,391.69,48.823,100.84,0.001,Duong2022
"Indeno[1,2,3-cd]pyrene",193-39-5,22,12,0,0,6,276.33068,Rxi17SilMS,393.38,49.565,89.155,0.001,Duong2022
"Benzo[g,h,i]perylene",191-24-2,22,12,0,0,6,276.33068,Rxi17SilMS,402.87,51.998,102.54,0.001,Duong2022
Anthracene,120-12-7,14,10,0,0,3,178.2292,ZB-PAH-CT,232.09,34.129,11.079,0.001,Duong2022
Chrysene,218-1-9,18,12,0,0,4,228.28788,ZB-PAH-CT,296.87,35.293,20.003,0.001,Duong2022
Benz[a]anthracene,56-55-3,18,12,0,0,4,228.28788,ZB-PAH-CT,298.96,37.657,60.26,0.001,Duong2022
"Benzo[g,h,i]perylene",191-24-2,22,12,0,0,6,276.33068,ZB-PAH-CT,359.69,38.222,4.7678,0.001,Duong2022
"Dibenzo[a,h]anthracene",53-70-3,22,14,0,0,5,278.34656,ZB-PAH-CT,362.95,43.648,94.176,0.001,Duong2022
"Indeno[1,2,3-cd]pyrene",193-39-5,22,12,0,0,6,276.33068,ZB-PAH-CT,382.99,66.166,241.94,0.001,Duong2022
"2,3-Butanediol",513-85-9,4,10,2,0,0,90.121,Rxi5ms,64.89,26.798,176.13,0.001,Gaida2021
C8,111-65-9,8,18,0,0,0,114.22852,Rxi5ms,69.344,27.188,86.692,0.001,Gaida2021
Ethyl butyrate,105-54-4,6,12,2,0,0,116.15828,Rxi5ms,69.573,27.149,75.052,0.001,Gaida2021
C9,111-84-2,9,20,0,0,0,128.2551,Rxi5ms,90.152,28.199,40.26,0.001,Gaida2021
C10g,124-18-5,10,22,0,0,0,142.28168,Rxi5ms,109.32,29.653,72.846,0.001,Gaida2021
D-Limonene,138-86-3,10,16,0,0,1,136.23404,Rxi5ms,117.34,31.875,64.142,0.001,Gaida2021
Eucalyptol,470-82-6,10,18,1,0,2,154.24932,Rxi5ms,118.44,32.647,73.646,0.001,Gaida2021
1-Octanol,111-87-5,8,18,1,0,0,130.22792,Rxi5ms,121.67,30.582,104.83,0.001,Gaida2021
C11g,1120-21-4,11,24,0,0,0,156.30826,Rxi5ms,126.89,30.452,78.666,0.001,Gaida2021
2-Ethylhexanoic acid,149-57-5,8,16,2,0,0,144.21144,Rxi5ms,127.12,29.758,146.17,0.001,Gaida2021
Nonanal,124-19-6,9,18,1,0,0,142.23862,Rxi5ms,128.24,31.139,87.62,0.001,Gaida2021
"2,6-Dimethylphenol",576-26-1,8,10,1,0,1,122.1644,Rxi5ms,130.35,32.719,92.101,0.001,Gaida2021
Benzoic acid,65-85-0,7,6,2,0,1,122.12134,Rxi5ms,136.17,31.003,115.54,0.001,Gaida2021
"2,6-Xylidine",87-62-7,8,11,0,1,1,121.17964,Rxi5ms,142.13,34.097,81.506,0.001,Gaida2021
C12,112-40-3,12,26,0,0,0,170.33484,Rxi5ms,143.0,30.676,72.946,0.001,Gaida2021
Geraniol,106-24-1,10,18,1,0,0,154.24932,Rxi5ms,152.57,32.225,92.94,0.001,Gaida2021
Hydroxycitronellal,107-75-5,10,20,2,0,0,172.2646,Rxi5ms,157.77,32.627,92.205,0.001,Gaida2021
C13,629-50-5,13,28,0,0,0,184.36142,Rxi5ms,158.32,31.175,72.2,0.001,Gaida2021
Thymol,89-83-8,10,14,1,0,1,150.21756,Rxi5ms,158.33,32.935,113.97,0.001,Gaida2021
Cinnamic aldehyde,104-55-2,9,8,1,0,1,132.15922,Rxi5ms,158.56,34.575,79.993,0.001,Gaida2021
C10 FAME,110-42-9,11,22,2,0,0,186.29118,Rxi5ms,161.92,31.918,96.575,0.001,Gaida2021
Cinnamyl alcohol,104-54-1,9,10,1,0,1,134.1751,Rxi5ms,162.71,34.134,86.42,0.001,Gaida2021
C14,629-59-4,14,30,0,0,0,198.388,Rxi5ms,172.73,31.83,79.196,0.001,Gaida2021
C11 FAME,1731-86-8,12,24,2,0,0,200.31776,Rxi5ms,176.06,32.446,100.32,0.001,Gaida2021
Vanillin,121-33-5,8,8,3,0,1,152.14732,Rxi5ms,177.23,35.439,91.222,0.001,Gaida2021
Dicyclohexylamine,101-83-7,12,23,0,1,2,181.31772,Rxi5ms,181.14,36.539,92.754,0.001,Gaida2021
Cinnamyl acetate,103-54-8,11,12,2,0,1,176.21178,Rxi5ms,181.62,34.189,92.581,0.001,Gaida2021
C15,629-62-9,15,32,0,0,0,212.41458,Rxi5ms,186.18,32.25,83.375,0.001,Gaida2021
C12 FAME,111-82-0,13,26,2,0,0,214.34434,Rxi5ms,189.36,32.934,105.21,0.001,Gaida2021
C16,544-76-3,16,34,0,0,0,226.44116,Rxi5ms,198.95,32.851,94.78,0.001,Gaida2021
C17,629-78-7,17,36,0,0,0,240.46774,Rxi5ms,211.01,33.213,95.981,0.001,Gaida2021
C18,593-45-3,18,38,0,0,0,254.49432,Rxi5ms,222.42,33.617,103.93,0.001,Gaida2021
C19,629-92-5,19,40,0,0,0,268.5209,Rxi5ms,233.4,34.044,109.4,0.001,Gaida2021
Benzyl salicylate,118-58-1,14,12,3,0,2,228.24328,Rxi5ms,237.87,38.439,96.668,0.001,Gaida2021
C20,112-95-8,20,42,0,0,0,282.54748,Rxi5ms,243.8,34.471,118.22,0.001,Gaida2021
C21,629-94-7,21,44,0,0,0,296.57406,Rxi5ms,253.74,34.855,125.6,0.001,Gaida2021
C22,629-97-0,22,46,0,0,0,310.60064,Rxi5ms,263.19,35.116,129.23,0.001,Gaida2021
C23,638-67-5,23,48,0,0,0,324.62722,Rxi5ms,272.3,35.448,136.08,0.001,Gaida2021
C24,646-31-1,24,50,0,0,0,338.6538,Rxi5ms,280.99,35.708,141.39,0.001,Gaida2021
C25,629-99-2,25,52,0,0,0,352.68038,Rxi5ms,289.37,35.961,147.02,0.001,Gaida2021
C26,630-1-3,26,54,0,0,0,366.70696,Rxi5ms,297.41,36.208,152.02,0.001,Gaida2021
C27,593-49-7,27,56,0,0,0,380.73354,Rxi5ms,305.16,36.422,156.8,0.001,Gaida2021
C28,630-2-4,28,58,0,0,0,394.76012,Rxi5ms,312.55,36.549,159.94,0.001,Gaida2021
C29,630-3-5,29,60,0,0,0,408.7867,Rxi5ms,319.45,37.005,175.76,0.001,Gaida2021
C30,638-68-6,30,62,0,0,0,422.81328,Rxi5ms,327.33,37.514,181.0,0.001,Gaida2021
2-Octanone,111-13-7,8,16,1,0,0,128.21204,Rtx5,115.61,29.601,43.348,0.0015625,Hou2018a
n-Decane,124-18-5,10,22,0,0,0,142.28168,Rtx5,116.88,29.373,41.532,0.0015625,Hou2018a
1-Octanol,111-87-5,8,18,1,0,0,130.22792,Rtx5,129.48,30.209,67.032,0.0015625,Hou2018a
"2,4-Dimethylphenol",105-67-9,8,10,1,0,1,122.1644,Rtx5,144.27,32.263,88.932,0.0015625,Hou2018a
"2,6-Dimethylaniline",87-62-7,8,11,0,1,1,121.17964,Rtx5,151.18,34.245,61.628,0.0015625,Hou2018a
"2,3-Butanediol",513-85-9,4,10,2,0,0,90.121,Rtx5,73.47,26.428,50.968,0.0015625,Hou2018c
Undecane,1120-21-4,11,24,0,0,0,156.30826,Rtx5,134.44,30.337,56.372,0.0015625,Hou2018c
Methyl decanoate,110-42-9,11,22,2,0,0,186.29118,Rtx5,170.6,32.217,83.893,0.0015625,Hou2018c
Methyl laurate,111-82-0,13,26,2,0,0,214.34434,Rtx5,198.16,33.61,106.51,0.0015625,Hou2018c
C9,111-84-2,9,20,0,0,0,128.2551,FS5ms,98.04,30.17,89.34,0.001,Leppert2020b
C10,124-18-5,10,22,0,0,0,142.28168,FS5ms,118.09,32.24,112.49,0.001,Leppert2020b
C11,1120-21-4,11,24,0,0,0,156.30826,FS5ms,137.07,33.71,116.04,0.001,Leppert2020b
C12,112-40-3,12,26,0,0,0,170.33484,FS5ms,154.78,34.92,121.44,0.001,Leppert2020b
C13,629-50-5,13,28,0,0,0,184.36142,FS5ms,171.32,35.93,125.62,0.001,Leppert2020b
C14,629-59-4,14,30,0,0,0,198.388,FS5ms,186.83,36.76,126.76,0.001,Leppert2020b
C15,629-62-9,15,32,0,0,0,212.41458,FS5ms,201.25,37.39,129.62,0.001,Leppert2020b
C16,544-76-3,16,34,0,0,0,226.44116,FS5ms,215.1,38.46,142.18,0.001,Leppert2020b
C17,629-78-7,17,36,0,0,0,240.46774,FS5ms,227.91,38.95,145.36,0.001,Leppert2020b
C18,593-45-3,18,38,0,0,0,254.49432,FS5ms,240.1,39.58,153.29,0.001,Leppert2020b
C19,629-92-5,19,40,0,0,0,268.5209,FS5ms,251.8,40.21,159.47,0.001,Leppert2020b
C20,112-95-8,20,42,0,0,0,282.54748,FS5ms,262.81,40.67,164.99,0.001,Leppert2020b
C21,629-94-7,21,44,0,0,0,296.57406,FS5ms,273.39,41.43,179.47,0.001,Leppert2020b
C22,629-97-0,22,46,0,0,0,310.60064,FS5ms,283.55,41.89,183.35,0.001,Leppert2020b
C23,638-67-5,23,48,0,0,0,324.62722,FS5ms,293.11,42.25,188.99,0.001,Leppert2020b
C24*,646-31-1,24,50,0,0,0,338.6538,FS5ms,302.05,42.21,188.53,0.001,Leppert2020b
C25*,629-99-2,25,52,0,0,0,352.68038,FS5ms,310.67,42.26,189.51,0.001,Leppert2020b
C26*,630-1-3,26,54,0,0,0,366.70696,FS5ms,320.42,44.16,216.77,0.001,Leppert2020b
C27*,593-49-7,27,56,0,0,0,380.73354,FS5ms,326.62,41.9,184.17,0.001,Leppert2020b
C28*,630-2-4,28,58,0,0,0,394.76012,FS5ms,334.19,41.82,183.91,0.001,Leppert2020b
C29*,630-3-5,29,60,0,0,0,408.7867,FS5ms,341.4,41.67,183.07,0.001,Leppert2020b
C30*,638-68-6,30,62,0,0,0,422.81328,FS5ms,348.39,41.57,183.28,0.001,Leppert2020b
C8,111-65-9,8,18,0,0,0,114.22852,Rxi17SilMS,45.508,24.905,149.92,0.001,Marquart2020
C9,111-84-2,9,20,0,0,0,128.2551,Rxi17SilMS,65.781,26.946,94.747,0.001,Marquart2020
alpha-Pinen,80-56-8,10,16,0,0,2,136.23404,Rxi17SilMS,83.227,29.989,82.196,0.001,Marquart2020
C10,124-18-5,10,22,0,0,0,142.28168,Rxi17SilMS,85.071,27.71,85.412,0.001,Marquart2020
beta-Pinene,127-91-3,10,16,0,0,2,136.23404,Rxi17SilMS,96.536,31.149,72.551,0.001,Marquart2020
C11,1120-21-4,11,24,0,0,0,156.30826,Rxi17SilMS,102.86,28.28,86.37,0.001,Marquart2020
Limonene,138-86-3,10,16,0,0,1,136.23404,Rxi17SilMS,106.14,30.828,80.646,0.001,Marquart2020
Benzaldehyd,100-52-7,7,6,1,0,1,106.12194,Rxi17SilMS,116.86,32.053,79.19,0.001,Marquart2020
C12,112-40-3,12,26,0,0,0,170.33484,Rxi17SilMS,119.42,28.859,91.18,0.001,Marquart2020
Terpinolene,586-62-9,10,16,0,0,1,136.23404,Rxi17SilMS,119.46,31.285,75.193,0.001,Marquart2020
Linalool,78-70-6,10,18,1,0,0,154.24932,Rxi17SilMS,120.72,29.529,89.817,0.001,Marquart2020
Benzylalkohol,100-51-6,7,8,1,0,1,108.13782,Rxi17SilMS,129.2,32.206,82.837,0.001,Marquart2020
Salicylaldehyd,90-2-8,7,6,2,0,1,122.12134,Rxi17SilMS,131.98,33.175,73.498,0.001,Marquart2020
C13,629-50-5,13,28,0,0,0,184.36142,Rxi17SilMS,134.92,29.312,91.168,0.001,Marquart2020
Menthol,1490-4-6,10,20,1,0,1,156.2652,Rxi17SilMS,137.3,31.874,78.524,0.001,Marquart2020
Citronellol,106-22-9,10,20,1,0,0,156.2652,Rxi17SilMS,143.1,30.488,98.71,0.001,Marquart2020
Methyl-2-Octyonate,111-12-6,9,14,2,0,0,154.20626,Rxi17SilMS,147.71,29.752,64.164,0.001,Marquart2020
C14,629-59-4,14,30,0,0,0,198.388,Rxi17SilMS,149.73,30.18,98.129,0.001,Marquart2020
Geraniol,106-24-1,10,18,1,0,0,154.24932,Rxi17SilMS,150.5,31.082,95.209,0.001,Marquart2020
Citral A,5392-40-5,10,16,1,0,0,152.23344,Rxi17SilMS,152.75,31.575,96.361,0.001,Marquart2020
Methylsalicylat,119-36-8,8,8,3,0,1,152.14732,Rxi17SilMS,154.11,34.123,95.508,0.001,Marquart2020
Citral B,106-26-3,10,16,1,0,0,152.23344,Rxi17SilMS,157.47,31.541,100.78,0.001,Marquart2020
Isobornylacetat,76-49-3,12,20,2,0,2,196.286,Rxi17SilMS,157.55,33.044,81.267,0.001,Marquart2020
Carvone,99-49-0,10,14,1,0,1,150.21756,Rxi17SilMS,160.07,33.285,82.81,0.001,Marquart2020
Hydroxycitronellal,107-75-5,10,20,2,0,0,172.2646,Rxi17SilMS,160.17,31.103,112.47,0.001,Marquart2020
C15,629-62-9,15,32,0,0,0,212.41458,Rxi17SilMS,163.32,30.464,110.07,0.001,Marquart2020
Anethol,4180-23-8,10,12,1,0,1,148.20168,Rxi17SilMS,166.73,33.185,85.2,0.001,Marquart2020
beta-Caryophyllene,87-44-5,15,24,0,0,2,204.35106,Rxi17SilMS,172.85,34.686,61.769,0.001,Marquart2020
d-Damascone,57378-68-4,13,18,1,0,1,190.28,Rxi17SilMS,173.3,34.657,113.26,0.001,Marquart2020
Anisalkohol,105-13-5,8,10,2,0,1,138.1638,Rxi17SilMS,174.13,33.262,81.445,0.001,Marquart2020
Cinnamaldehyde,104-55-2,9,8,1,0,1,132.15922,Rxi17SilMS,174.36,34.54,88.449,0.001,Marquart2020
Ebanol A,67801-20-1,14,24,1,0,1,208.33976,Rxi17SilMS,175.01,33.36,98.393,0.001,Marquart2020
C16,544-76-3,16,34,0,0,0,226.44116,Rxi17SilMS,176.25,30.635,102.94,0.001,Marquart2020
Ebanol B,67801-20-1,14,24,1,0,1,208.33976,Rxi17SilMS,176.36,33.328,101.4,0.001,Marquart2020
alpha Damascone,35044-63-4,13,18,1,0,1,190.28,Rxi17SilMS,176.46,33.705,93.343,0.001,Marquart2020
Cinnamylalkohol A,104-54-1,9,10,1,0,1,134.1751,Rxi17SilMS,177.17,34.332,87.288,0.001,Marquart2020
Eugenol,97-53-0,10,12,2,0,1,164.20108,Rxi17SilMS,178.4,34.047,93.48,0.001,Marquart2020
E-beta-Damascone,23726-93-4,13,18,1,0,1,190.28142,Rxi17SilMS,179.92,33.969,92.213,0.001,Marquart2020
Cinnamylalkohol B,104-54-1,9,10,1,0,1,134.1751,Rxi17SilMS,180.76,33.829,87.665,0.001,Marquart2020
Majantol,103694-68-4,12,18,1,0,1,178.27,Rxi17SilMS,183.58,34.558,96.669,0.001,Marquart2020
Isomethyl-alpha-Ionon,127-51-5,14,22,1,0,1,206.32388,Rxi17SilMS,184.71,34.197,95.213,0.001,Marquart2020
C17,629-78-7,17,36,0,0,0,240.46774,Rxi17SilMS,188.54,31.069,110.15,0.001,Marquart2020
Isoeugenol,97-54-1,10,12,2,0,1,164.20108,Rxi17SilMS,193.83,34.728,92.015,0.001,Marquart2020
C18,593-45-3,18,38,0,0,0,254.49432,Rxi17SilMS,200.23,31.415,114.41,0.001,Marquart2020
Amylsalicylate,2050-8-0,12,16,3,0,1,208.25364,Rxi17SilMS,202.07,35.067,100.5,0.001,Marquart2020
Farnesol A,4602-84-0,15,26,1,0,0,222.36634,Rxi17SilMS,210.18,33.545,115.85,0.001,Marquart2020
Coumarin,91-64-5,9,6,2,0,2,146.14274,Rxi17SilMS,210.54,38.708,93.95,0.001,Marquart2020
C19,629-92-5,19,40,0,0,0,268.5209,Rxi17SilMS,211.31,31.618,112.71,0.001,Marquart2020
Iso E Super A,54464-57-2,16,26,1,0,2,234.38,Rxi17SilMS,213.41,37.053,101.05,0.001,Marquart2020
Amylcinnamylalkohol A,101-85-9,14,20,1,0,1,204.31,Rxi17SilMS,213.44,33.608,93.779,0.001,Marquart2020
Santalol A,115-71-9,15,24,1,0,3,220.35046,Rxi17SilMS,213.9,36.386,104.29,0.001,Marquart2020
Iso E Super B,54464-57-2,16,26,1,0,2,234.38,Rxi17SilMS,214.72,37.385,103.16,0.001,Marquart2020
Santalol B,115-71-9,15,24,1,0,3,220.35046,Rxi17SilMS,214.91,35.986,107.63,0.001,Marquart2020
Farnesol B,4602-84-0,15,26,1,0,0,222.36634,Rxi17SilMS,215.35,35.982,156.36,0.001,Marquart2020
Amylcinnamylaldehyd,122-40-7,14,18,1,0,1,202.29212,Rxi17SilMS,215.63,35.611,109.29,0.001,Marquart2020
Isoeugenylacetat,93-29-8,12,14,3,0,1,206.23776,Rxi17SilMS,216.5,34.412,118.98,0.001,Marquart2020
Iso E Super C,54464-57-2,16,26,1,0,2,234.38,Rxi17SilMS,217.2,38.245,102.52,0.001,Marquart2020
3-Propylidenephthalide,17369-59-4,11,10,2,0,2,174.1959,Rxi17SilMS,218.14,37.653,92.163,0.001,Marquart2020
Iso E Super D,54464-57-2,16,26,1,0,2,234.38,Rxi17SilMS,218.27,37.694,108.2,0.001,Marquart2020
Santalol C,37172-32-0,15,24,1,0,2,220.35046,Rxi17SilMS,219.54,37.114,130.18,0.001,Marquart2020
Amylcinnamylalkohol B,101-85-9,14,20,1,0,1,204.31,Rxi17SilMS,219.77,35.38,113.0,0.001,Marquart2020
Santalol D,37172-32-0,15,24,1,0,2,220.35046,Rxi17SilMS,221.36,37.124,126.57,0.001,Marquart2020
C20,112-95-8,20,42,0,0,0,282.54748,Rxi17SilMS,221.86,31.821,113.51,0.001,Marquart2020
Amylcinnamylalkohol C,101-85-9,14,20,1,0,1,204.31,Rxi17SilMS,223.2,36.877,124.46,0.001,Marquart2020
alpha-Acetylcedrene A,32388-55-9,17,26,1,0,3,246.4,Rxi17SilMS,229.4,37.845,97.227,0.001,Marquart2020
alpha-Acetylcedrene B,32388-55-9,17,26,1,0,3,246.4,Rxi17SilMS,231.8,39.798,113.08,0.001,Marquart2020
C21,629-94-7,21,44,0,0,0,296.57406,Rxi17SilMS,231.93,31.968,111.34,0.001,Marquart2020
alpha-Acetylcedrene C,32388-55-9,17,26,1,0,3,246.4,Rxi17SilMS,233.56,42.874,234.46,0.001,Marquart2020
C22,629-97-0,22,46,0,0,0,310.60064,Rxi17SilMS,241.56,32.126,113.38,0.001,Marquart2020
Benzylbenzoate,120-51-4,14,12,2,0,2,212.24388,Rxi17SilMS,241.68,37.953,101.99,0.001,Marquart2020
Hexadecanolaceton,36653-82-4,16,34,1,0,0,242.44056,Rxi17SilMS,247.68,38.909,95.377,0.001,Marquart2020
C23,638-67-5,23,48,0,0,0,324.62722,Rxi17SilMS,250.79,32.255,112.43,0.001,Marquart2020
Benzylsalicylate,118-58-1,14,12,3,0,2,228.24328,Rxi17SilMS,252.8,38.738,99.954,0.001,Marquart2020
C24,646-31-1,24,50,0,0,0,338.6538,Rxi17SilMS,259.66,32.403,113.42,0.001,Marquart2020
C25,629-99-2,25,52,0,0,0,352.68038,Rxi17SilMS,268.17,32.555,115.42,0.001,Marquart2020
C26,630-1-3,26,54,0,0,0,366.70696,Rxi17SilMS,276.33,32.609,113.85,0.001,Marquart2020
Benzylcinnamate,103-41-3,16,14,2,0,2,238.28116,Rxi17SilMS,278.55,39.24,116.97,0.001,Marquart2020
C27,593-49-7,27,56,0,0,0,380.73354,Rxi17SilMS,284.24,32.804,120.87,0.001,Marquart2020
C28,630-2-4,28,58,0,0,0,394.76012,Rxi17SilMS,291.9,33.056,131.05,0.001,Marquart2020
C29,630-3-5,29,60,0,0,0,408.7867,Rxi17SilMS,299.42,33.386,140.54,0.001,Marquart2020
C30,638-68-6,30,62,0,0,0,422.81328,Rxi17SilMS,306.72,33.763,152.99,0.001,Marquart2020
2-Methylhexane,591-76-4,7,16,0,0,0,100.20194,SLB5ms,36.388,24.83,60.547,0.001,McGinitie2011
3-Hexanol,623-37-0,6,14,1,0,0,102.17476,SLB5ms,66.89,26.261,77.467,0.001,McGinitie2011
"2,6-Dimethyloctane",2051-30-1,10,22,0,0,0,142.28168,SLB5ms,94.302,28.288,72.066,0.001,McGinitie2011
4-Nonanol,5932-79-6,9,20,1,0,0,144.2545,SLB5ms,123.31,29.621,90.583,0.001,McGinitie2011
1-Undecanol,112-42-5,11,24,1,0,0,172.30766,SLB5ms,170.7,32.997,108.93,0.001,McGinitie2011
1-Dodecanol,112-53-8,12,26,1,0,0,186.33424,SLB5ms,184.9,33.721,114.09,0.001,McGinitie2011
1-Tridecanol,112-70-9,13,28,1,0,0,200.36082,SLB5ms,198.28,34.303,118.02,0.001,McGinitie2011
1-Tetradecanol,112-72-1,14,30,1,0,0,214.3874,SLB5ms,210.96,34.843,122.57,0.001,McGinitie2011
2-Methylhexane,591-76-4,7,16,0,0,0,100.20194,SPB50,19.165,24.824,30.319,0.001,McGinitie2011
3-Hexanol,623-37-0,6,14,1,0,0,102.17476,SPB50,69.071,26.719,71.925,0.001,McGinitie2011
"2,6-Dimethyloctane",2051-30-1,10,22,0,0,0,142.28168,SPB50,77.821,27.666,55.746,0.001,McGinitie2011
4-Nonanol,5932-79-6,9,20,1,0,0,144.2545,SPB50,122.07,29.864,85.395,0.001,McGinitie2011
2-Methylhexane,591-76-4,7,16,0,0,0,100.20194,Wax,-5.6982,20.92,92.391,0.001,McGinitie2011
"2,6-Dimethyloctane",2051-30-1,10,22,0,0,0,142.28168,Wax,50.592,26.687,50.935,0.001,McGinitie2011
3-Hexanol,623-37-0,6,14,1,0,0,102.17476,Wax,100.31,28.72,81.202,0.001,McGinitie2011
4-Nonanol,5932-79-6,9,20,1,0,0,144.2545,Wax,144.17,31.253,93.406,0.001,McGinitie2011
2-Undecanone,112-12-9,11,22,1,0,0,170.29178,Wax,164.18,34.014,80.2,0.001,McGinitie2012a
2-Dodecanone,6175-49-1,12,24,1,0,0,184.31836,Wax,177.54,34.551,85.9,0.001,McGinitie2012a
2-Tridecanone,593-8-8,13,26,1,0,0,198.34494,Wax,190.26,35.074,91.7,0.001,McGinitie2012a
1-Undecanol,112-42-5,11,24,1,0,0,172.30766,Wax,193.86,34.335,110.6,0.001,McGinitie2012a
1-Dodecanol,112-53-8,12,26,1,0,0,186.33424,Wax,205.64,34.943,114.6,0.001,McGinitie2012a
1-Tridecanol,112-70-9,13,28,1,0,0,200.36082,Wax,215.36,35.27,119.2,0.001,McGinitie2012a
2-undecanone,112-12-9,11,22,1,0,0,170.29178,SLB5ms,153.22,30.891,99.8,0.001,McGinitie2014a
2-dodecanone,6175-49-1,12,24,1,0,0,184.31836,SLB5ms,168.2,30.662,83.62,0.001,McGinitie2014a
2-tridecanone,593-8-8,13,26,1,0,0,198.34494,SLB5ms,181.88,32.215,110.93,0.001,McGinitie2014a
2-dodecanone,6175-49-1,12,24,1,0,0,184.31836,SPB50,182.53,40.24,169.2,0.001,McGinitie2014a
1-dodecanol,112-53-8,12,26,1,0,0,186.33424,SPB50,192.26,40.799,169.25,0.001,McGinitie2014a
1-tetradecanol,112-72-1,14,30,1,0,0,214.3874,Wax,221.18,33.717,88.75,0.001,McGinitie2014a
2-Ethylhexanoic acid,149-57-5,8,16,2,0,0,144.21144,SLB5ms,125.32,26.606,5.97,0.001,McGinitie2014b
Nonanal,124-19-6,9,18,1,0,0,142.23862,SLB5ms,125.91,28.261,23.39,0.001,McGinitie2014b
"2,6-Dimethylphenol",576-26-1,8,10,1,0,1,122.1644,SLB5ms,127.75,30.795,109.6,0.001,McGinitie2014b
"2,6-Dimethylaniline",87-62-7,8,11,0,1,1,121.17964,SLB5ms,139.19,31.098,39.46,0.001,McGinitie2014b
C10 acid methyl ester,110-42-9,11,22,2,0,0,186.29118,SLB5ms,159.11,29.153,58.77,0.001,McGinitie2014b
C11 acid methyl ester,1731-86-8,12,24,2,0,0,200.31776,SLB5ms,173.2,29.326,41.88,0.001,McGinitie2014b
Dicyclohexylamine,101-83-7,12,23,0,1,2,181.31772,SLB5ms,178.07,32.484,45.16,0.001,McGinitie2014b
C12 acid methyl ester,111-82-0,13,26,2,0,0,214.34434,SLB5ms,186.61,30.232,74.8,0.001,McGinitie2014b
2378-TCDF,51207-31-9,12,4,1,0,3,305.97156,RtxDioxin2,284.38,38.458,77.408,0.0005555555555555556,Stultz2020
2378-TCDD,1746-1-6,12,4,2,0,3,321.97096,RtxDioxin2,287.1,38.123,67.43,0.0005555555555555556,Stultz2020
12378-PCDF,57117-41-6,12,3,1,0,3,340.41662,RtxDioxin2,300.09,39.913,87.967,0.0005555555555555556,Stultz2020
23478-PCDF,57117-31-4,12,3,1,0,3,340.41662,RtxDioxin2,302.54,39.542,92.374,0.0005555555555555556,Stultz2020
12378-PCDD,40321-76-4,12,3,2,0,3,356.41602,RtxDioxin2,305.05,39.831,101.02,0.0005555555555555556,Stultz2020
123678-HxCDF,57117-44-9,12,2,1,0,3,374.86168,RtxDioxin2,316.19,40.743,102.1,0.0005555555555555556,Stultz2020
123478-HxCDF,70648-26-9,12,2,1,0,3,374.86168,RtxDioxin2,318.19,41.712,111.16,0.0005555555555555556,Stultz2020
123478-HxCDD,39227-28-6,12,2,2,0,3,390.86108,RtxDioxin2,319.28,40.653,113.74,0.0005555555555555556,Stultz2020
234678-HxCDF,60851-34-5,12,2,1,0,3,374.86168,RtxDioxin2,319.9,40.906,104.26,0.0005555555555555556,Stultz2020
123678-HxCDD,57653-85-7,12,2,2,0,3,390.86108,RtxDioxin2,321.1,40.619,107.76,0.0005555555555555556,Stultz2020
123789-HxCDD,19408-74-3,12,2,2,0,3,390.86108,RtxDioxin2,322.47,40.459,91.293,0.0005555555555555556,Stultz2020
123789-HxCDF,72918-21-9,12,2,1,0,3,374.9,RtxDioxin2,325.41,42.005,100.94,0.0005555555555555556,Stultz2020
1234678-HpCDF,67562-39-4,12,1,1,0,3,409.30674,RtxDioxin2,334.39,42.595,112.83,0.0005555555555555556,Stultz2020
1234678-HPCDD,35822-46-9,12,1,2,0,3,425.30614,RtxDioxin2,338.21,42.144,118.07,0.0005555555555555556,Stultz2020
1234789-HpCDF,55673-89-7,12,1,1,0,3,409.3,RtxDioxin2,342.1,43.507,117.57,0.0005555555555555556,Stultz2020
2378-TCDF,51207-31-9,12,4,1,0,3,305.97156,Rxi17SilMS,301.72,46.438,217.92,0.001,Stultz2020
2378-TCDD,1746-1-6,12,4,2,0,3,321.97096,Rxi17SilMS,303.23,46.727,222.25,0.001,Stultz2020
12378-PCDF,57117-41-6,12,3,1,0,3,340.41662,Rxi17SilMS,319.96,49.148,197.05,0.001,Stultz2020
12378-PCDD,40321-76-4,12,3,2,0,3,356.41602,Rxi17SilMS,322.52,48.528,207.53,0.001,Stultz2020
23478-PCDF,57117-31-4,12,3,1,0,3,340.41662,Rxi17SilMS,324.29,48.508,190.9,0.001,Stultz2020
123678-HxCDF,57117-44-9,12,2,1,0,3,374.86168,Rxi17SilMS,339.57,50.303,177.68,0.001,Stultz2020
123478-HxCDF,70648-26-9,12,2,1,0,3,374.86168,Rxi17SilMS,339.59,51.592,189.49,0.001,Stultz2020
123678-HxCDD,57653-85-7,12,2,2,0,3,390.86108,Rxi17SilMS,340.13,49.257,189.4,0.001,Stultz2020
123478-HxCDD,39227-28-6,12,2,2,0,3,390.86108,Rxi17SilMS,340.86,50.873,200.38,0.001,Stultz2020
234678-HxCDF,60851-34-5,12,2,1,0,3,374.86168,Rxi17SilMS,344.22,50.342,178.18,0.001,Stultz2020
123789-HxCDD,19408-74-3,12,2,2,0,3,390.86108,Rxi17SilMS,344.97,50.341,177.76,0.001,Stultz2020
1234678-HpCDF,67562-39-4,12,1,1,0,3,409.30674,Rxi17SilMS,353.45,51.509,175.93,0.001,Stultz2020
1234678-HPCDD,35822-46-9,12,1,2,0,3,425.30614,Rxi17SilMS,353.57,43.727,37.166,0.001,Stultz2020
123789-HxCDF,72918-21-9,12,2,1,0,3,374.9,Rxi17SilMS,354.15,53.722,176.02,0.001,Stultz2020
